{
  "gemini-2.0-flash": {
    "provider": "Google",
    "empirical": {
      "proportions": [
        0.0,
        0.25,
        0.5,
        0.75,
        0.9,
        0.92,
        0.94,
        0.96,
        0.98
      ],
      "scores": [
        1.0,
        0.9593499999999999,
        0.9437500000000001,
        0.8938,
        0.65935,
        0.404,
        0.012,
        0.012,
        0.0
      ],
      "ci_lo": [
        0.9765529633499672,
        0.9175560503667393,
        0.8996550032700676,
        0.8364366789581195,
        0.5831119626550416,
        0.22189108852323408,
        0.0006688881438396688,
        0.0006688881438396688,
        0.0
      ],
      "ci_hi": [
        1.0,
        0.9796519847110432,
        0.9670357517030284,
        0.9325987796799797,
        0.7281642944127604,
        0.6170458955717932,
        0.18059411433921513,
        0.18059411433921513,
        0.16113012549493322
      ]
    },
    "fits": {
      "power": {
        "params": {
          "R\u2080": 1.14553,
          "\u03b1": 0.46739
        },
        "r_squared": 0.7573,
        "aic": 1.0102,
        "c_star": 0.99,
        "predicted": [
          1.14553,
          1.00141,
          0.82853,
          0.59926,
          0.3905,
          0.35182,
          0.30756,
          0.25446,
          0.18405
        ],
        "rmse": 0.20494
      },
      "logistic": {
        "params": {
          "R\u2080": 0.94572,
          "k": 81.2865,
          "p\u2080": 0.91281
        },
        "r_squared": 0.98818,
        "aic": -24.1867,
        "c_star": 0.9127,
        "predicted": [
          0.94572,
          0.94572,
          0.94572,
          0.94572,
          0.69893,
          0.33842,
          0.09345,
          0.01997,
          0.004
        ],
        "rmse": 0.04523
      },
      "exponential": {
        "params": {
          "R\u2080": 1.17421,
          "\u03bb": 1.22406
        },
        "r_squared": 0.50913,
        "aic": 7.3493,
        "c_star": 0.0,
        "predicted": [
          1.17421,
          0.86466,
          0.63672,
          0.46886,
          0.39021,
          0.38078,
          0.37157,
          0.36258,
          0.35381
        ],
        "rmse": 0.29146
      },
      "quadratic": {
        "params": {
          "R\u2080": 0.90086,
          "a": -1.43936,
          "b": 2.29329
        },
        "r_squared": 0.81568,
        "aic": 0.534,
        "c_star": 0.99,
        "predicted": [
          0.90086,
          1.11737,
          1.04722,
          0.69041,
          0.33872,
          0.28404,
          0.22751,
          0.16916,
          0.10896
        ],
        "rmse": 0.1786
      },
      "piecewise": {
        "params": {
          "R\u2080": 0.94923,
          "p*": 0.78,
          "\u03b2": 3.0
        },
        "r_squared": 0.61218,
        "aic": 7.2287,
        "c_star": 0.7959,
        "predicted": [
          0.94923,
          0.94923,
          0.94923,
          0.94923,
          0.0,
          0.0,
          0.0,
          0.0,
          0.0
        ],
        "rmse": 0.25906
      }
    }
  },
  "claude-haiku-4-5": {
    "provider": "Anthropic",
    "empirical": {
      "proportions": [
        0.0,
        0.25,
        0.5,
        0.75,
        0.9,
        0.92,
        0.94,
        0.96,
        0.98
      ],
      "scores": [
        0.9719,
        0.90625,
        0.89375,
        0.875,
        0.6656,
        0.45625,
        0.11875000000000001,
        0.0875,
        0.05
      ],
      "ci_lo": [
        0.9332139358375086,
        0.851337441336421,
        0.8368192272692428,
        0.815519322222074,
        0.5895380172486753,
        0.3516911721680788,
        0.06504666798659847,
        0.043185887014386706,
        0.020853761874606552
      ],
      "ci_hi": [
        0.9884079233240229,
        0.9421118413854273,
        0.9322162313688563,
        0.9168954002904015,
        0.7339451518610014,
        0.5648180547550714,
        0.20739088091514007,
        0.16961539540388776,
        0.12038400076351104
      ]
    },
    "fits": {
      "power": {
        "params": {
          "R\u2080": 1.08467,
          "\u03b1": 0.40869
        },
        "r_squared": 0.7721,
        "aic": -1.9019,
        "c_star": 0.99,
        "predicted": [
          1.08467,
          0.96436,
          0.81709,
          0.61552,
          0.42326,
          0.38637,
          0.34351,
          0.29106,
          0.21925
        ],
        "rmse": 0.17433
      },
      "logistic": {
        "params": {
          "R\u2080": 0.91078,
          "k": 63.42541,
          "p\u2080": 0.91735
        },
        "r_squared": 0.98971,
        "aic": -27.7814,
        "c_star": 0.9172,
        "predicted": [
          0.91078,
          0.91078,
          0.91078,
          0.91076,
          0.68343,
          0.41726,
          0.17497,
          0.05709,
          0.01682
        ],
        "rmse": 0.03704
      },
      "exponential": {
        "params": {
          "R\u2080": 1.11621,
          "\u03bb": 1.0923
        },
        "r_squared": 0.51879,
        "aic": 4.8245,
        "c_star": 0.0,
        "predicted": [
          1.11621,
          0.84948,
          0.64648,
          0.492,
          0.41764,
          0.40862,
          0.39979,
          0.39115,
          0.3827
        ],
        "rmse": 0.25331
      },
      "quadratic": {
        "params": {
          "R\u2080": 0.8769,
          "a": -1.21144,
          "b": 1.95922
        },
        "r_squared": 0.79876,
        "aic": -1.0216,
        "c_star": 0.99,
        "predicted": [
          0.8769,
          1.05731,
          0.99281,
          0.68341,
          0.38022,
          0.33314,
          0.28448,
          0.23426,
          0.18247
        ],
        "rmse": 0.16381
      },
      "piecewise": {
        "params": {
          "R\u2080": 0.91173,
          "p*": 0.78,
          "\u03b2": 3.0
        },
        "r_squared": 0.43275,
        "aic": 8.3051,
        "c_star": 0.7934,
        "predicted": [
          0.91173,
          0.91173,
          0.91173,
          0.91173,
          0.0,
          0.0,
          0.0,
          0.0,
          0.0
        ],
        "rmse": 0.27503
      }
    }
  },
  "gpt-4.1-mini": {
    "provider": "OpenAI",
    "empirical": {
      "proportions": [
        0.0,
        0.25,
        0.5,
        0.75,
        0.9,
        0.92,
        0.94,
        0.96,
        0.98
      ],
      "scores": [
        1.0,
        0.9719,
        0.9875,
        0.98125,
        0.8531500000000001,
        0.6,
        0.40625,
        0.31875,
        0.3375
      ],
      "ci_lo": [
        0.9765529633499672,
        0.9340148285069829,
        0.9558895583942524,
        0.948581070859542,
        0.7900492280916358,
        0.49045264548149986,
        0.305740720493196,
        0.22697135411037556,
        0.24360446026053545
      ],
      "ci_hi": [
        1.0,
        0.9876070306545488,
        0.9962495808719656,
        0.9913511563648014,
        0.8996413022742785,
        0.700383407265585,
        0.5153504800564118,
        0.4271383002855329,
        0.44628695402545143
      ]
    },
    "fits": {
      "power": {
        "params": {
          "R\u2080": 1.1073,
          "\u03b1": 0.25332
        },
        "r_squared": 0.76653,
        "aic": -6.2894,
        "c_star": 0.99,
        "predicted": [
          1.1073,
          1.02947,
          0.92898,
          0.77939,
          0.61794,
          0.58398,
          0.54294,
          0.48994,
          0.41104
        ],
        "rmse": 0.13662
      },
      "logistic": {
        "params": {
          "R\u2080": 0.99242,
          "k": 28.91985,
          "p\u2080": 0.9395
        },
        "r_squared": 0.95697,
        "aic": -19.5091,
        "c_star": 0.9395,